<?xml version="1.0" encoding="UTF-8" standalone="no"?>
<root>
    <doclet-version-NOT-library-version>1.00</doclet-version-NOT-library-version>
    <class>
        <name>B4R::B4RSHT20</name>
        <shortname>SHT20</shortname>
        <comment>Include the SHT20 library headr located in the same folder as rSHT20.h</comment>
        <method>
            <name DesignerName="Initialize">Initialize</name>
            <comment>Initialize the I2C Connection to the SHT20 module.
Example (Private sht As SHT20):&lt;code&gt;
End If
&lt;/code&gt;</comment>
            <returntype>bool</returntype>
        </method>
        <method>
            <name DesignerName="Measure">Measure</name>
            <comment>Perform measurement; returns true if successful.</comment>
            <returntype>bool</returntype>
        </method>
        <method>
            <name DesignerName="Temperature">Temperature</name>
            <comment>Get the temperature after Measure called.</comment>
            <returntype>float</returntype>
        </method>
        <method>
            <name DesignerName="Humidity">Humidity</name>
            <comment>Get the humidity after Measure called.</comment>
            <returntype>float</returntype>
        </method>
        <method>
            <name DesignerName="Dewpoint">Dewpoint</name>
            <comment>Get the dewpoint after Measure called.</comment>
            <returntype>float</returntype>
            <parameter>
                <name>temperature</name>
                <type>float</type>
            </parameter>
            <parameter>
                <name>humidity</name>
                <type>float</type>
            </parameter>
        </method>
    </class>
    <version>1</version>
    <author>Copyright (c) 2025 Robert W.B. Linn https://github.com/rwbl</author>
</root>
